state,GEOID,votes_dem,votes_rep,votes_total,pct_dem_lead,official_boundary
OR,41001-19,52,215,277,-0.5884,true
OR,41001-26,15,77,97,-0.6392,true
OR,41001-17,96,482,597,-0.6466,true
OR,41001-20,19,39,60,-0.3333,true
OR,41001-13,127,596,732,-0.6407,true
OR,41001-1,260,642,934,-0.409,true
OR,41001-5,305,930,1275,-0.4902,true
OR,41001-2,307,608,947,-0.3178,true
OR,41001-3,301,698,1035,-0.3836,true
OR,41001-4,299,831,1177,-0.452,true
OR,41001-24,214,592,825,-0.4582,true
OR,41001-25,64,252,322,-0.5839,true
OR,41001-18,3,72,78,-0.8846,true
OR,41001-21,25,137,169,-0.6627,true
OR,41001-22,188,458,658,-0.4103,true
OR,41001-15,65,361,438,-0.6758,true
OR,41001-14,3,70,73,-0.9178,true
OR,41003-14,224,365,617,-0.2285,true
OR,41003-17,31,13,49,0.3673,true
OR,41003-8,3752,726,4636,0.6527,true
OR,41003-4,833,128,1013,0.696,true
OR,41003-9,2321,764,3234,0.4814,true
OR,41003-20,305,526,860,-0.257,true
OR,41003-19,660,502,1196,0.1321,true
OR,41003-16,3593,1569,5383,0.376,true
OR,41003-3,2535,612,3298,0.5831,true
OR,41003-10,1891,1114,3155,0.2463,true
OR,41003-5,1638,243,1983,0.7035,true
OR,41003-13,149,208,373,-0.1582,true
OR,41003-7,3003,422,3587,0.7195,true
OR,41003-18,649,786,1491,-0.0919,true
OR,41003-15,1443,1284,2845,0.0559,true
OR,41003-1,3307,835,4309,0.5737,true
OR,41003-21,270,464,759,-0.2556,true
OR,41003-12,463,272,770,0.2481,true
OR,41003-11,3164,2606,5986,0.0932,true
OR,41003-6,2406,483,3055,0.6295,true
OR,41003-2,1272,265,1633,0.6167,true
OR,41005-100,51,30,86,0.2442,true
OR,41005-101,3242,2466,5942,0.1306,true
OR,41005-102,598,681,1318,-0.063,true
OR,41005-103,1535,1168,2803,0.1309,true
OR,41005-104,10,13,23,-0.1304,true
OR,41005-105,2231,1759,4134,0.1142,true
OR,41005-106,975,1941,3031,-0.3187,true
OR,41005-107,740,1079,1891,-0.1793,true
OR,41005-108,1815,2562,4552,-0.1641,true
OR,41005-111,1403,3245,4839,-0.3807,true
OR,41005-113,38,15,59,0.3898,true
OR,41005-114,102,64,170,0.2235,true
OR,41005-115/116,194,54,259,0.5405,true
OR,41005-122,1498,1799,3425,-0.0879,true
OR,41005-123,856,1178,2119,-0.152,true
OR,41005-124,1552,1863,3558,-0.0874,true
OR,41005-125,593,639,1286,-0.0358,true
OR,41005-127,23,51,76,-0.3684,true
OR,41005-131,3750,2008,5959,0.2923,true
OR,41005-132,2812,1380,4357,0.3287,true
OR,41005-133,1278,494,1854,0.4229,true
OR,41005-134,8,0,9,0.8889,true
OR,41005-135,3431,1398,5033,0.4039,true
OR,41005-151,1755,587,2434,0.4799,true
OR,41005-152,3666,1351,5198,0.4454,true
OR,41005-153,276,135,431,0.3271,true
OR,41005-154,64,27,92,0.4022,true
OR,41005-155,1928,640,2657,0.4848,true
OR,41005-156,3226,1026,4400,0.5,true
OR,41005-157,57,32,94,0.266,true
OR,41005-158,3017,923,4067,0.5149,true
OR,41005-159,1861,667,2642,0.4519,true
OR,41005-160,1201,419,1671,0.468,true
OR,41005-161,389,125,531,0.4972,true
OR,41005-162,412,194,636,0.3428,true
OR,41005-201,2491,1396,4065,0.2694,true
OR,41005-202,2851,1672,4702,0.2507,true
OR,41005-203,1233,883,2173,0.1611,true
OR,41005-204,1401,975,2479,0.1718,true
OR,41005-251,1235,641,1967,0.302,true
OR,41005-279,69,32,103,0.3592,true
OR,41005-280,289,91,393,0.5038,true
OR,41005-281,790,290,1123,0.4452,true
OR,41005-282,278,104,401,0.4339,true
OR,41005-283,270,123,411,0.3577,true
OR,41005-284,212,63,285,0.5228,true
OR,41005-285,8,7,16,0.0625,true
OR,41005-286,120,45,172,0.436,true
OR,41005-320,65,24,95,0.4316,true
OR,41005-321,1417,1198,2727,0.0803,true
OR,41005-322,510,611,1161,-0.087,true
OR,41005-323,732,711,1496,0.014,true
OR,41005-324,27,23,51,0.0784,true
OR,41005-330,1020,2702,3845,-0.4375,true
OR,41005-331,552,1167,1783,-0.3449,true
OR,41005-332,251,313,583,-0.1063,true
OR,41005-350,799,2266,3170,-0.4628,true
OR,41005-357,55,87,146,-0.2192,true
OR,41005-358,119,257,385,-0.3584,true
OR,41005-359,1030,1902,3013,-0.2894,true
OR,41005-360,406,741,1177,-0.2846,true
OR,41005-361,2,9,12,-0.5833,true
OR,41005-362,226,540,792,-0.3965,true
OR,41005-363,732,1408,2186,-0.3092,true
OR,41005-364,92,171,276,-0.2862,true
OR,41005-371,92,149,253,-0.2253,true
OR,41005-372,12,32,46,-0.4348,true
OR,41005-373,1940,1785,3871,0.04,true
OR,41005-400,1628,2464,4243,-0.197,true
OR,41005-403,580,796,1420,-0.1521,true
OR,41005-404,1250,2483,3862,-0.3193,true
OR,41005-405,833,1367,2293,-0.2329,true
OR,41005-406,264,674,970,-0.4227,true
OR,41005-410,1930,1385,3455,0.1577,true
OR,41005-411,2294,1800,4237,0.1166,true
OR,41005-412,912,1109,2086,-0.0944,true
OR,41005-413,115,91,212,0.1132,true
OR,41005-414,369,353,751,0.0213,true
OR,41005-415,219,212,453,0.0155,true
OR,41005-416,1439,1056,2569,0.1491,true
OR,41005-417,560,625,1239,-0.0525,true
OR,41005-418,449,623,1116,-0.1559,true
OR,41005-419,1189,827,2083,0.1738,true
OR,41005-420,1088,528,1689,0.3316,true
OR,41005-421,1467,860,2423,0.2505,true
OR,41005-422,2602,1453,4283,0.2683,true
OR,41005-500,815,381,1258,0.345,true
OR,41005-501,2847,921,3920,0.4913,true
OR,41005-502,2862,1275,4306,0.3686,true
OR,41005-503,2248,1246,3642,0.2751,true
OR,41005-504,2814,1742,4754,0.2255,true
OR,41005-506,1513,1268,2898,0.0845,true
OR,41005-510,430,487,953,-0.0598,true
OR,41005-511,830,1344,2244,-0.2291,true
OR,41005-512,903,1091,2070,-0.0908,true
OR,41005-513,75,71,154,0.026,true
OR,41005-514,2152,3185,5535,-0.1866,true
OR,41005-515,481,945,1473,-0.315,true
OR,41005-516,848,1188,2122,-0.1602,true
OR,41005-517,572,1453,2078,-0.424,true
OR,41005-518,719,1483,2280,-0.3351,true
OR,41005-600,2758,1958,4927,0.1624,true
OR,41005-602,1972,1740,3888,0.0597,true
OR,41005-604,3242,3099,6559,0.0218,true
OR,41005-606,1168,1004,2287,0.0717,true
OR,41005-608,1437,1319,2841,0.0415,true
OR,41005-614,1274,945,2314,0.1422,true
OR,41005-616,2092,1470,3716,0.1674,true
OR,41005-618,347,196,572,0.264,true
OR,41005-620,150,106,264,0.1667,true
OR,41005-622,1632,634,2373,0.4206,true
OR,41005-626,3062,935,4180,0.5089,true
OR,41005-628,546,325,914,0.2418,true
OR,41005-630,3690,1439,5340,0.4215,true
OR,41007-Clatsop Plains South,627,639,1295,-0.0093,true
OR,41007-Lewis & Clark / Cha*,588,809,1452,-0.1522,true
OR,41007-Astoria East,1227,494,1807,0.4056,true
OR,41007-Seaside South,743,458,1256,0.2269,true
OR,41007-Astoria West,1944,661,2707,0.474,true
OR,41007-Warrenton West,991,1233,2331,-0.1038,true
OR,41007-Clatsop Plains North,341,419,786,-0.0992,true
OR,41007-Westport,109,234,350,-0.3571,true
OR,41007-Gearhart,803,492,1326,0.2345,true
OR,41007-Svensen,381,630,1034,-0.2408,true
OR,41007-Stanley Acres,83,113,205,-0.1463,true
OR,41007-Astoria South,661,258,960,0.4198,true
OR,41007-Jewell,150,214,377,-0.1698,true
OR,41007-Seaside East,527,375,924,0.1645,true
OR,41007-Knappa,461,629,1128,-0.1489,true
OR,41007-John Day / Walluski,343,352,726,-0.0124,true
OR,41007-Cannon Beach,696,267,1011,0.4243,true
OR,41007-Arch Cape,177,45,233,0.5665,true
OR,41007-Hamlet,139,127,277,0.0433,true
OR,41007-Elsie,116,133,260,-0.0654,true
OR,41007-Necanicum,151,185,341,-0.0997,true
OR,41007-Seaside West,364,224,607,0.2306,true
OR,41007-Seaside North,337,207,572,0.2273,true
OR,41007-Olney,137,298,446,-0.361,true
OR,41007-Warrenton East,437,417,879,0.0228,true
OR,41009-48 S DEER ISLAND,115,249,375,-0.3573,true
OR,41009-14 QUINCY,187,329,533,-0.2664,true
OR,41009-04 N CLATSKANIE-MARSHLAND,230,332,588,-0.1735,true
OR,41009-01 CITY OF CLATSKANIE,349,519,902,-0.1885,true
OR,41009-35 SE SCAPPOOSE,517,567,1128,-0.0443,true
OR,41009-34 SCAPPOOSE FOUR,672,613,1342,0.044,true
OR,41009-31 SCAPPOOSE ONE,332,355,724,-0.0318,true
OR,41009-36 CANYON,219,212,456,0.0154,true
OR,41009-19 S WARREN,422,530,995,-0.1085,true
OR,41009-12 McNULTY,431,579,1048,-0.1412,true
OR,41009-10 MILTON,370,445,841,-0.0892,true
OR,41009-39 SAUVIE ISLAND,29,28,58,0.0172,true
OR,41009-26 ST HELENS SIX,1088,1420,2611,-0.1272,true
OR,41009-21 ST HELENS ONE,1108,1164,2386,-0.0235,true
OR,41009-47 CHAPMAN,388,422,848,-0.0401,true
OR,41009-41 CITY OF VERNONIA,392,936,1385,-0.3928,true
OR,41009-53 CITY OF COLUMBIA CITY,625,690,1354,-0.048,true
OR,41009-49 N DEER ISLAND,206,361,586,-0.2645,true
OR,41009-08 GOBLE,277,416,726,-0.1915,true
OR,41009-50 PRESCOTT,13,24,40,-0.275,true
OR,41009-40 YANKTON,396,665,1093,-0.2461,true
OR,41009-18 E RAINIER,77,114,205,-0.1805,true
OR,41009-15 RAINIER,392,619,1045,-0.2172,true
OR,41009-06 DELENA,407,770,1214,-0.299,true
OR,41009-17 W RAINIER,159,270,438,-0.2534,true
OR,41009-44 RURAL VERNONIA,233,578,837,-0.4122,true
OR,41009-32 SCAPPOOSE TWO,1159,1087,2352,0.0306,true
OR,41009-20 N WARREN,275,374,678,-0.146,true
OR,41009-46 APIARY,198,460,678,-0.3864,true
OR,41009-24 ST HELENS FOUR,1133,1252,2478,-0.048,true
OR,41009-51 MIST,98,186,294,-0.2993,true
OR,41009-38 W SCAPPOOSE,222,269,510,-0.0922,true
OR,41009-05 S CLATSKANIE,176,392,586,-0.3686,true
OR,41011-6,986,981,2030,0.0025,true
OR,41011-13,371,854,1272,-0.3797,true
OR,41011-4,1069,1031,2172,0.0175,true
OR,41011-3,1227,1624,2977,-0.1334,true
OR,41011-16,1056,937,2065,0.0576,true
OR,41011-5,1515,1803,3459,-0.0833,true
OR,41011-12,716,1283,2068,-0.2742,true
OR,41011-7,1078,1178,2347,-0.0426,true
OR,41011-18,128,218,357,-0.2521,true
OR,41011-9,166,156,330,0.0303,true
OR,41011-1,469,998,1493,-0.3543,true
OR,41011-2,1027,1733,2828,-0.2496,true
OR,41011-8,1186,2058,3370,-0.2588,true
OR,41011-17,1023,1459,2559,-0.1704,true
OR,41011-15,128,347,487,-0.4497,true
OR,41011-10,739,1558,2356,-0.3476,true
OR,41011-11,513,1335,1908,-0.4308,true
OR,41011-14,334,1296,1657,-0.5806,true
OR,41013-130004,212,1022,1261,-0.6423,true
OR,41013-130012,26,128,161,-0.6335,true
OR,41013-130016,138,576,728,-0.6016,true
OR,41013-130013,160,647,835,-0.5832,true
OR,41013-130011,679,1718,2463,-0.4218,true
OR,41013-130015,292,972,1300,-0.5231,true
OR,41013-130007,46,264,314,-0.6943,true
OR,41013-130009,38,169,210,-0.6238,true
OR,41013-130002,110,321,446,-0.4731,true
OR,41013-130006,262,567,858,-0.3555,true
OR,41013-130010,136,252,401,-0.2893,true
OR,41013-130008,159,438,613,-0.4551,true
OR,41013-130001,148,376,541,-0.4214,true
OR,41013-130003,79,160,248,-0.3266,true
OR,41013-130005,555,1745,2358,-0.5047,true
OR,41013-130014,120,364,499,-0.489,true
OR,41013-130017,676,2293,3061,-0.5283,true
OR,41015-2,165,318,507,-0.3018,true
OR,41015-3,190,201,419,-0.0263,true
OR,41015-4,64,140,217,-0.3502,true
OR,41015-5,346,284,651,0.0952,true
OR,41015-1,45,53,101,-0.0792,true
OR,41015-8,193,289,498,-0.1928,true
OR,41015-9,310,486,824,-0.2136,true
OR,41015-20,133,226,370,-0.2514,true
OR,41015-12,88,132,226,-0.1947,true
OR,41015-27,109,207,330,-0.297,true
OR,41015-13,82,160,248,-0.3145,true
OR,41015-19,216,457,687,-0.3508,true
OR,41015-26,327,466,808,-0.172,true
OR,41015-6,298,190,500,0.216,true
OR,41015-7,164,87,265,0.2906,true
OR,41015-11,318,437,780,-0.1526,true
OR,41015-10,218,279,516,-0.1182,true
OR,41015-17,644,879,1570,-0.1497,true
OR,41015-15,174,253,432,-0.1829,true
OR,41015-21,109,171,287,-0.216,true
OR,41015-16,474,736,1260,-0.2079,true
OR,41015-22,183,269,469,-0.1834,true
OR,41015-24,221,287,519,-0.1272,true
OR,41015-18,169,241,421,-0.171,true
OR,41015-14,98,220,330,-0.3697,true
OR,41015-23,186,244,455,-0.1275,true
OR,41015-25,213,288,510,-0.1471,true
OR,41017-38,760,623,1441,0.0951,true
OR,41017-39,2155,3042,5363,-0.1654,true
OR,41017-36,2243,2982,5442,-0.1358,true
OR,41017-37,600,516,1160,0.0724,true
OR,41017-1,1910,429,2427,0.6102,true
OR,41017-2,1824,1234,3176,0.1858,true
OR,41017-30,1502,1014,2623,0.186,true
OR,41017-5,2731,1483,4391,0.2842,true
OR,41017-31,1347,1574,2997,-0.0757,true
OR,41017-6,1802,848,2754,0.3464,true
OR,41017-18,947,2224,3249,-0.393,true
OR,41017-19,362,705,1097,-0.3127,true
OR,41017-3,3191,675,4013,0.627,true
OR,41017-4,2303,770,3180,0.4821,true
OR,41017-50,410,992,1441,-0.4039,true
OR,41017-23,468,903,1422,-0.3059,true
OR,41017-24,253,649,925,-0.4281,true
OR,41017-21,1155,1653,2919,-0.1706,true
OR,41017-22,192,110,314,0.2611,true
OR,41017-27,1872,408,2369,0.618,true
OR,41017-28,1253,1690,3056,-0.143,true
OR,41017-25,2597,1426,4207,0.2783,true
OR,41017-26,1478,970,2533,0.2006,true
OR,41017-45,523,361,912,0.1776,true
OR,41017-9,1180,665,1923,0.2678,true
OR,41017-46,2352,1116,3616,0.3418,true
OR,41017-20,2643,1891,4715,0.1595,true
OR,41017-43,1093,1531,2709,-0.1617,true
OR,41017-7,1139,287,1461,0.5832,true
OR,41017-44,1818,1184,3121,0.2031,true
OR,41017-8,534,256,819,0.3394,true
OR,41017-49,313,189,517,0.2398,true
OR,41017-47,1981,732,2790,0.4477,true
OR,41017-48,658,1672,2396,-0.4232,true
OR,41017-41,316,322,660,-0.0091,true
OR,41017-42,1480,1771,3364,-0.0865,true
OR,41017-40,377,772,1174,-0.3365,true
OR,41017-12,329,393,743,-0.0861,true
OR,41017-13,1388,1543,3035,-0.0511,true
OR,41017-10,5,31,36,-0.7222,true
OR,41017-11,988,395,1439,0.4121,true
OR,41017-16,836,472,1339,0.2718,true
OR,41017-17,2507,3187,5942,-0.1144,true
OR,41017-29,1806,2754,4717,-0.201,true
OR,41017-14,716,804,1562,-0.0563,true
OR,41017-15,1190,1079,2352,0.0472,true
OR,41017-34,1813,1255,3188,0.175,true
OR,41017-35,3178,1103,4401,0.4715,true
OR,41017-32,1587,726,2397,0.3592,true
OR,41017-33,2003,1439,3548,0.159,true
OR,41019-10,63,62,129,0.0078,true
OR,41019-27,81,275,372,-0.5215,true
OR,41019-28,118,329,458,-0.4607,true
OR,41019-15,168,339,518,-0.3301,true
OR,41019-14,137,380,541,-0.4492,true
OR,41019-11,150,333,500,-0.366,true
OR,41019-24,398,967,1413,-0.4027,true
OR,41019-09,1120,1621,2825,-0.1773,true
OR,41019-25,242,557,819,-0.3846,true
OR,41019-07,1136,1771,2989,-0.2124,true
OR,41019-03,919,1306,2297,-0.1685,true
OR,41019-23,391,1045,1478,-0.4425,true
OR,41019-22,1154,1575,2855,-0.1475,true
OR,41019-08,927,2593,3619,-0.4603,true
OR,41019-26,483,1208,1758,-0.4124,true
OR,41019-18,1090,1681,2876,-0.2055,true
OR,41019-17,1379,3197,4701,-0.3867,true
OR,41019-29,139,427,579,-0.4974,true
OR,41019-13,1093,2672,3870,-0.408,true
OR,41019-06,1002,2256,3346,-0.3748,true
OR,41019-19,546,1716,2335,-0.5011,true
OR,41019-20,951,2688,3728,-0.4659,true
OR,41019-01,309,607,950,-0.3137,true
OR,41019-12,1021,2677,3789,-0.4371,true
OR,41019-21,260,746,1037,-0.4687,true
OR,41019-05,1001,2915,4015,-0.4767,true
OR,41019-16,684,2215,2986,-0.5127,true
OR,41019-04,1171,2897,4226,-0.4084,true
OR,41019-02,253,506,798,-0.317,true
OR,41021-#1,93,373,480,-0.5833,true
OR,41021-#6,87,190,287,-0.3589,true
OR,41021-#7,111,242,367,-0.3569,true
OR,41023-Long Creek,46,210,264,-0.6212,true
OR,41023-North Fork,51,196,251,-0.5777,true
OR,41023-John Day,574,2296,2969,-0.58,true
OR,41023-South Fork,51,163,222,-0.5045,true
OR,41023-Union,94,625,750,-0.708,true
OR,41025-26,271,1691,2015,-0.7047,true
OR,41025-21,334,977,1373,-0.4683,true
OR,41025-25,192,639,867,-0.5156,true
OR,41027-10,422,342,799,0.1001,true
OR,41027-11,535,350,914,0.2024,true
OR,41027-12,348,335,725,0.0179,true
OR,41027-13,496,307,823,0.2296,true
OR,41027-6,605,273,915,0.3628,true
OR,41027-7,349,221,594,0.2155,true
OR,41027-8,321,214,570,0.1877,true
OR,41027-9,104,97,210,0.0333,true
OR,41027-1,1218,337,1635,0.5388,true
OR,41027-5,519,372,921,0.1596,true
OR,41027-2,1564,437,2069,0.5447,true
OR,41027-3,689,161,877,0.6021,true
OR,41027-4,1194,408,1655,0.4749,true
OR,41029-27,136,402,553,-0.481,true
OR,41029-43,521,1133,1691,-0.3619,true
OR,41029-24,534,1219,1790,-0.3827,true
OR,41029-30,59,152,218,-0.4266,true
OR,41029-23,441,806,1280,-0.2852,true
OR,41029-9,222,448,689,-0.328,true
OR,41029-10,1318,903,2287,0.1815,true
OR,41029-46,2846,374,3327,0.743,true
OR,41029-31,238,858,1123,-0.5521,true
OR,41029-42,458,1286,1798,-0.4605,true
OR,41029-7,493,1031,1562,-0.3444,true
OR,41029-3,160,532,714,-0.521,true
OR,41029-28,525,1552,2124,-0.4835,true
OR,41029-36,1014,2206,3326,-0.3584,true
OR,41029-37,721,397,1161,0.2791,true
OR,41029-26,2005,952,3082,0.3417,true
OR,41029-34,341,1261,1644,-0.5596,true
OR,41029-44,944,2161,3181,-0.3826,true
OR,41029-2,3052,595,3792,0.6479,true
OR,41029-39,1068,1178,2321,-0.0474,true
OR,41029-13,1659,1916,3676,-0.0699,true
OR,41029-6,840,1480,2390,-0.2678,true
OR,41029-12,1551,1878,3531,-0.0926,true
OR,41029-25,2267,865,3254,0.4309,true
OR,41029-22,1172,957,2222,0.0968,true
OR,41029-14,908,1030,1994,-0.0612,true
OR,41029-45,146,196,360,-0.1389,true
OR,41029-11,1604,2385,4109,-0.1901,true
OR,41029-16,2285,1896,4302,0.0904,true
OR,41029-20,1421,1696,3230,-0.0851,true
OR,41029-17,1696,2266,4105,-0.1389,true
OR,41029-18,1019,1204,2315,-0.0799,true
OR,41029-5,1318,2240,3683,-0.2503,true
OR,41029-48,853,1688,2608,-0.3202,true
OR,41029-4,792,1637,2498,-0.3383,true
OR,41029-21,749,972,1777,-0.1255,true
OR,41029-32,585,908,1537,-0.2101,true
OR,41029-41,1210,2811,4129,-0.3877,true
OR,41029-35,954,1306,2349,-0.1499,true
OR,41029-1,3021,392,3528,0.7452,true
OR,41029-47,2185,327,2622,0.7086,true
OR,41029-40,447,1284,1773,-0.4721,true
OR,41029-38,307,643,973,-0.3453,true
OR,41029-8,727,2124,2932,-0.4765,true
OR,41029-49,1650,2063,3836,-0.1077,true
OR,41029-29,408,670,1113,-0.2354,true
OR,41029-50,1206,1722,3022,-0.1707,true
OR,41029-19,1016,984,2083,0.0154,true
OR,41029-33,818,1163,2048,-0.1685,true
OR,41029-15,2155,1594,3910,0.1435,true
OR,41031-Ashwood,8,20,31,-0.3871,true
OR,41031-East Madras,650,928,1636,-0.1699,true
OR,41031-Round Butte,99,337,446,-0.5336,true
OR,41031-West Madras,413,658,1117,-0.2193,true
OR,41031-Metolius,141,264,416,-0.2957,true
OR,41031-Circle M,37,105,146,-0.4658,true
OR,41031-Suttle Lake,4,11,15,-0.4667,true
OR,41031-Culver,189,507,718,-0.4429,true
OR,41031-Crooked River Ranch,948,2230,3262,-0.393,true
OR,41031-Warm Springs,522,107,664,0.625,true
OR,41031-Agency Plains,89,321,415,-0.559,true
OR,41031-Central,243,571,842,-0.3895,true
OR,41031-Lyle Gap,4,13,19,-0.4737,true
OR,41031-Sunset,182,356,559,-0.3113,true
OR,41031-Haystack,234,865,1116,-0.5654,true
OR,41031-Camp Sherman,152,73,231,0.342,true
OR,41031-Kutcher,26,88,117,-0.5299,true
OR,41033-24,165,383,562,-0.3879,true
OR,41033-11,114,156,286,-0.1469,true
OR,41033-26,179,349,553,-0.3074,true
OR,41033-31,1083,1337,2522,-0.1007,true
OR,41033-16,80,238,330,-0.4788,true
OR,41033-30,364,598,1002,-0.2335,true
OR,41033-4,525,647,1231,-0.0991,true
OR,41033-21,825,1734,2630,-0.3456,true
OR,41033-18,444,954,1446,-0.3527,true
OR,41033-41,26,76,106,-0.4717,true
OR,41033-47,50,83,139,-0.2374,true
OR,41033-17,450,829,1307,-0.29,true
OR,41033-33,192,426,634,-0.3691,true
OR,41033-36,477,1177,1703,-0.411,true
OR,41033-14,28,61,94,-0.3511,true
OR,41033-20,78,139,227,-0.2687,true
OR,41033-7,791,1147,2016,-0.1766,true
OR,41033-2,1693,3112,4938,-0.2874,true
OR,41033-13,66,137,212,-0.3349,true
OR,41033-1,1498,1910,3542,-0.1163,true
OR,41033-34,145,182,336,-0.1101,true
OR,41033-44,63,102,174,-0.2241,true
OR,41033-19,431,1128,1597,-0.4364,true
OR,41033-25,313,675,1019,-0.3553,true
OR,41033-28,140,309,475,-0.3558,true
OR,41033-3,616,886,1548,-0.1744,true
OR,41033-23,93,220,323,-0.3932,true
OR,41033-39,388,854,1276,-0.3652,true
OR,41033-35,216,541,776,-0.4188,true
OR,41033-32,67,138,211,-0.3365,true
OR,41033-22,303,799,1131,-0.4385,true
OR,41033-45,32,90,128,-0.4531,true
OR,41033-42,425,1145,1604,-0.4489,true
OR,41033-43,331,822,1179,-0.4165,true
OR,41033-46,102,164,279,-0.2222,true
OR,41033-15,334,862,1227,-0.4303,true
OR,41033-12,109,133,249,-0.0964,true
OR,41033-5,568,854,1468,-0.1948,true
OR,41033-8,1101,1895,3090,-0.257,true
OR,41033-10,80,131,215,-0.2372,true
OR,41033-9,40,87,134,-0.3507,true
OR,41033-37,365,707,1120,-0.3054,true
OR,41033-38,751,1655,2479,-0.3647,true
OR,41033-6,316,567,902,-0.2783,true
OR,41033-29,9,36,46,-0.587,true
OR,41033-40,330,340,702,-0.0142,true
OR,41033-27,132,314,460,-0.3957,true
OR,41035-38,193,264,470,-0.1511,true
OR,41035-39,44,69,119,-0.2101,true
OR,41035-36,276,346,661,-0.1059,true
OR,41035-37,464,469,967,-0.0052,true
OR,41035-1,529,1601,2192,-0.4891,true
OR,41035-2,34,74,111,-0.3604,true
OR,41035-30,300,533,874,-0.2666,true
OR,41035-5,111,90,210,0.1,true
OR,41035-31,444,508,1000,-0.064,true
OR,41035-6,95,370,470,-0.5851,true
OR,41035-18,253,840,1122,-0.5232,true
OR,41035-19,27,56,87,-0.3333,true
OR,41035-3,78,137,218,-0.2706,true
OR,41035-4,268,818,1113,-0.4942,true
OR,41035-23,530,1520,2109,-0.4694,true
OR,41035-24,148,373,532,-0.4229,true
OR,41035-21,546,1316,1917,-0.4017,true
OR,41035-22,36,157,202,-0.599,true
OR,41035-27,444,1092,1567,-0.4135,true
OR,41035-28,47,203,256,-0.6094,true
OR,41035-25,279,662,979,-0.3912,true
OR,41035-26,296,1024,1345,-0.5413,true
OR,41035-9,102,515,634,-0.6514,true
OR,41035-20,210,593,827,-0.4631,true
OR,41035-43,243,245,509,-0.0039,true
OR,41035-7,756,2128,2943,-0.4662,true
OR,41035-8,126,415,560,-0.5161,true
OR,41035-41,354,615,1001,-0.2607,true
OR,41035-42,121,311,441,-0.4308,true
OR,41035-40,259,313,590,-0.0915,true
OR,41035-12,144,657,819,-0.6264,true
OR,41035-13,266,1833,2154,-0.7275,true
OR,41035-10,371,490,884,-0.1346,true
OR,41035-11,236,792,1052,-0.5285,true
OR,41035-16,50,154,217,-0.4793,true
OR,41035-17,75,232,313,-0.5016,true
OR,41035-41A,54,95,152,-0.2697,true
OR,41035-29,284,796,1106,-0.4629,true
OR,41035-14,32,138,172,-0.6163,true
OR,41035-29A,53,139,194,-0.4433,true
OR,41035-15,114,858,983,-0.7569,true
OR,41035-34,212,330,568,-0.2077,true
OR,41035-35,121,160,288,-0.1354,true
OR,41035-32,170,277,456,-0.2346,true
OR,41035-33,61,67,131,-0.0458,true
OR,41037-5,5,56,61,-0.8361,true
OR,41037-2,26,61,87,-0.4023,true
OR,41037-8,54,168,230,-0.4957,true
OR,41037-6,3,62,66,-0.8939,true
OR,41037-12,65,461,536,-0.7388,true
OR,41037-13,157,711,892,-0.6211,true
OR,41037-10,20,215,238,-0.8193,true
OR,41037-11,37,216,259,-0.6911,true
OR,41037-15,25,92,123,-0.5447,true
OR,41037-14,20,124,146,-0.7123,true
OR,41037-1,28,109,140,-0.5786,true
OR,41037-9,55,162,224,-0.4777,true
OR,41037-16,14,60,74,-0.6216,true
OR,41037-4,25,247,279,-0.7957,true
OR,41037-21,48,164,224,-0.5179,true
OR,41037-18,2,35,37,-0.8919,true
OR,41037-3,33,156,195,-0.6308,true
OR,41037-7,35,169,211,-0.6351,true
OR,41037-20,29,153,191,-0.6492,true
OR,41039-2122,2456,1670,4303,0.1827,true
OR,41039-2238,3098,1303,4619,0.3886,true
OR,41039-2340,2967,1989,5190,0.1884,true
OR,41039-2456,2387,2027,4578,0.0786,true
OR,41039-2562,2758,2510,5455,0.0455,true
OR,41039-2676,2780,3011,6011,-0.0384,true
OR,41039-4200,495,420,944,0.0794,true
OR,41039-4400,1237,1692,3026,-0.1504,true
OR,41039-4500,522,552,1089,-0.0275,true
OR,41039-4700,1502,2234,3872,-0.189,true
OR,41039-4800,657,833,1527,-0.1153,true
OR,41039-4900,1237,1451,2774,-0.0771,true
OR,41039-1120,1577,325,2006,0.6241,true
OR,41039-1122,3478,436,4136,0.7355,true
OR,41039-1124,1010,171,1212,0.6922,true
OR,41039-1126,4134,363,4680,0.8058,true
OR,41039-1230,4670,480,5392,0.7771,true
OR,41039-1232,4840,645,5678,0.7388,true
OR,41039-1234,2803,414,3363,0.7104,true
OR,41039-1340,4626,444,5299,0.7892,true
OR,41039-1342,981,193,1214,0.6491,true
OR,41039-1450,3975,1686,5860,0.3906,true
OR,41039-1452,3045,1199,4403,0.4193,true
OR,41039-1454,1364,359,1768,0.5684,true
OR,41039-1560,1209,750,2024,0.2268,true
OR,41039-1562,3773,1930,5896,0.3126,true
OR,41039-1564,4639,1622,6479,0.4657,true
OR,41039-1670,3630,2630,6497,0.1539,true
OR,41039-1672,2844,1790,4804,0.2194,true
OR,41039-1780,1057,435,1578,0.3942,true
OR,41039-1782,1546,217,1872,0.7099,true
OR,41039-1784,2692,1235,4061,0.3588,true
OR,41039-1786,1398,1037,2502,0.1443,true
OR,41039-1890,1683,1162,2978,0.1749,true
OR,41039-1892,3768,1101,5084,0.5246,true
OR,41039-1894,2827,826,3759,0.5323,true
OR,41039-4300,2352,2665,5218,-0.06,true
OR,41039-4600,3284,2493,5954,0.1329,true
OR,41039-701,777,733,1543,0.0285,true
OR,41039-703,148,111,259,0.1429,true
OR,41039-705,1138,974,2153,0.0762,true
OR,41039-707,281,390,688,-0.1584,true
OR,41039-709,722,877,1628,-0.0952,true
OR,41039-711,1704,2049,3885,-0.0888,true
OR,41039-713,389,739,1139,-0.3073,true
OR,41039-715,625,1057,1719,-0.2513,true
OR,41039-717,1130,1670,2900,-0.1862,true
OR,41039-719,210,224,434,-0.0323,true
OR,41039-721,357,302,669,0.0822,true
OR,41039-723,1815,812,2726,0.3679,true
OR,41039-725,717,1138,1920,-0.2193,true
OR,41039-727,661,970,1665,-0.1856,true
OR,41039-729,318,202,520,0.2231,true
OR,41039-731,2926,1797,4933,0.2289,true
OR,41039-733,4077,1759,6098,0.3801,true
OR,41039-737,1743,1579,3443,0.0476,true
OR,41039-739,1005,860,1916,0.0757,true
OR,41039-741,537,283,844,0.3009,true
OR,41039-743,383,293,704,0.1278,true
OR,41039-747,1877,2952,5006,-0.2147,true
OR,41039-751,1873,2485,4505,-0.1358,true
OR,41039-753,496,868,1386,-0.2684,true
OR,41039-755,1173,1815,3117,-0.206,true
OR,41039-757,1124,1431,2623,-0.117,true
OR,41039-759,1234,1328,2650,-0.0355,true
OR,41039-765,1034,1378,2475,-0.139,true
OR,41041-16,696,377,1099,0.2903,true
OR,41041-04,204,266,482,-0.1286,true
OR,41041-28,142,220,376,-0.2074,true
OR,41041-25,24,62,89,-0.427,true
OR,41041-30,129,106,247,0.0931,true
OR,41041-29,617,612,1278,0.0039,true
OR,41041-26,21,58,79,-0.4684,true
OR,41041-05,875,185,1095,0.6301,true
OR,41041-17,697,384,1109,0.2822,true
OR,41041-24,290,372,685,-0.1197,true
OR,41041-23,428,475,944,-0.0498,true
OR,41041-22,1010,641,1700,0.2171,true
OR,41041-18,691,349,1085,0.3152,true
OR,41041-15,248,118,374,0.3476,true
OR,41041-11,474,237,749,0.3164,true
OR,41041-14,703,399,1147,0.265,true
OR,41041-07,697,426,1161,0.2334,true
OR,41041-21,833,458,1344,0.279,true
OR,41041-10,399,168,591,0.3909,true
OR,41041-09,545,216,800,0.4113,true
OR,41041-19,758,592,1394,0.1191,true
OR,41041-20,1028,567,1655,0.2785,true
OR,41041-02,288,289,591,-0.0017,true
OR,41041-08,610,376,1020,0.2294,true
OR,41041-12,672,441,1165,0.1983,true
OR,41041-13,677,402,1132,0.2429,true
OR,41041-32,439,538,1014,-0.0976,true
OR,41041-03,489,295,824,0.2354,true
OR,41041-01,863,536,1438,0.2274,true
OR,41041-06,776,411,1215,0.3004,true
OR,41041-27,279,442,751,-0.217,true
OR,41041-31,510,627,1172,-0.0998,true
OR,41043-001,1057,589,1744,0.2683,true
OR,41043-002,0,1,1,-1,true
OR,41043-003,334,1040,1425,-0.4954,true
OR,41043-004,135,338,491,-0.4134,true
OR,41043-005,1033,847,1963,0.0948,true
OR,41043-006,304,641,987,-0.3414,true
OR,41043-007,11,60,75,-0.6533,true
OR,41043-008,360,433,820,-0.089,true
OR,41043-009,510,595,1150,-0.0739,true
OR,41043-010,830,768,1673,0.0371,true
OR,41043-011,1309,1255,2667,0.0202,true
OR,41043-012,388,388,817,0,true
OR,41043-013,578,773,1415,-0.1378,true
OR,41043-014,808,751,1635,0.0349,true
OR,41043-015,246,603,879,-0.4061,true
OR,41043-016,874,743,1672,0.0783,true
OR,41043-017,8,17,26,-0.3462,true
OR,41043-018,1099,1053,2244,0.0205,true
OR,41043-019,361,417,809,-0.0692,true
OR,41043-020,160,492,666,-0.4985,true
OR,41043-021,74,235,319,-0.5047,true
OR,41043-022,29,105,139,-0.5468,true
OR,41043-023,205,604,842,-0.4739,true
OR,41043-024,14,35,49,-0.4286,true
OR,41043-025,284,729,1043,-0.4267,true
OR,41043-026,69,168,240,-0.4125,true
OR,41043-027,132,347,505,-0.4257,true
OR,41043-028,33,184,223,-0.6771,true
OR,41043-029,571,1285,1910,-0.3738,true
OR,41043-030,32,151,188,-0.633,true
OR,41043-031,249,820,1102,-0.5181,true
OR,41043-032,140,496,662,-0.5378,true
OR,41043-033,15,27,42,-0.2857,true
OR,41043-034,88,227,319,-0.4357,true
OR,41043-035,343,1037,1423,-0.4877,true
OR,41043-036,517,829,1394,-0.2238,true
OR,41043-037,406,620,1070,-0.2,true
OR,41043-038,366,588,994,-0.2233,true
OR,41043-039,308,318,663,-0.0151,true
OR,41043-040,12,43,56,-0.5536,true
OR,41043-041,246,311,582,-0.1117,true
OR,41043-042,163,538,730,-0.5137,true
OR,41043-043,256,535,819,-0.3407,true
OR,41043-044,53,58,117,-0.0427,true
OR,41043-045,227,655,905,-0.4729,true
OR,41043-046,276,796,1116,-0.4659,true
OR,41043-047,111,128,251,-0.0677,true
OR,41043-048,1091,1064,2223,0.0121,true
OR,41043-049,2,1,3,0.3333,true
OR,41043-050,69,366,448,-0.6629,true
OR,41043-051,164,577,762,-0.542,true
OR,41043-052,142,338,492,-0.3984,true
OR,41043-053,158,598,780,-0.5641,true
OR,41043-054,108,263,384,-0.4036,true
OR,41043-055,126,488,638,-0.5674,true
OR,41043-056,236,597,852,-0.4237,true
OR,41043-057,21,44,69,-0.3333,true
OR,41043-058,16,48,65,-0.4923,true
OR,41043-059,436,1045,1530,-0.398,true
OR,41043-060,230,431,692,-0.2905,true
OR,41043-061,618,744,1417,-0.0889,true
OR,41043-062,331,754,1131,-0.374,true
OR,41043-063,59,213,280,-0.55,true
OR,41043-064,145,420,579,-0.475,true
OR,41043-065,8,31,41,-0.561,true
OR,41043-066,73,167,248,-0.379,true
OR,41043-067,620,656,1319,-0.0273,true
OR,41043-068,57,165,227,-0.4758,true
OR,41043-069,107,377,500,-0.54,true
OR,41043-070,191,490,708,-0.4223,true
OR,41043-071,33,104,139,-0.5108,true
OR,41043-072,199,483,702,-0.4046,true
OR,41043-073,399,766,1210,-0.3033,true
OR,41043-074,238,684,957,-0.466,true
OR,41043-075,253,742,1022,-0.4785,true
OR,41043-076,746,1416,2227,-0.3009,true
OR,41043-077,136,366,527,-0.4364,true
OR,41043-078,225,440,687,-0.313,true
OR,41043-079,539,858,1450,-0.22,true
OR,41043-080,311,855,1202,-0.4526,true
OR,41043-081,423,294,762,0.1693,true
OR,41043-082,626,659,1317,-0.0251,true
OR,41043-083,13,20,33,-0.2121,true
OR,41043-084,702,1202,2004,-0.2495,true
OR,41043-085,274,639,940,-0.3883,true
OR,41045-24 Annex/Huntington/Farewell Bend,42,143,193,-0.5233,true
OR,41045-17 Ironside,3,34,39,-0.7949,true
OR,41045-16 Brogan,21,48,70,-0.3857,true
OR,41045-18 Harper,10,158,172,-0.8605,true
OR,41045-19 Juntura,0,68,68,-1,true
OR,41045-11 Rural Adrian,85,450,550,-0.6636,true
OR,41045-10 City of Adrian,29,47,84,-0.2143,true
OR,41045-22 Arock,0,80,80,-1,true
OR,41045-21 Rural Jordan Valley,4,130,135,-0.9333,true
OR,41045-20 City of Jordan Valley,7,82,89,-0.8427,true
OR,41045-23 McDermitt,2,20,23,-0.7826,true
OR,41045-5 Applegate,82,271,367,-0.515,true
OR,41045-9 Rural Nyssa,124,675,827,-0.6663,true
OR,41045-12 Vale City Limits,175,548,750,-0.4973,true
OR,41045-8 Nyssa City Limits,297,530,854,-0.2728,true
OR,41045-15 Willowcreek,23,208,238,-0.7773,true
OR,41045-14 North Rural Vale,103,637,755,-0.7073,true
OR,41045-13 South Rural Vale,76,459,546,-0.7015,true
OR,41045-2 Ontario,485,480,1026,0.0049,true
OR,41045-1 Ontario,347,537,908,-0.2093,true
OR,41045-4 Ontario,318,553,901,-0.2608,true
OR,41045-3 Ontario,339,477,850,-0.1624,true
OR,41045-7 Butte/Cairo,131,455,599,-0.5409,true
OR,41045-6 Fair/Ontario Heights,181,620,821,-0.5347,true
OR,41047-694,3,0,3,1,true
OR,41047-588,3,10,14,-0.5,true
OR,41047-355,15,32,51,-0.3333,true
OR,41047-311,201,49,261,0.5824,true
OR,41047-312,218,115,348,0.296,true
OR,41047-353,58,62,128,-0.0313,true
OR,41047-326,246,97,356,0.4185,true
OR,41047-696,39,56,101,-0.1683,true
OR,41047-687,40,64,106,-0.2264,true
OR,41047-615,57,163,228,-0.4649,true
OR,41047-330,640,426,1107,0.1933,true
OR,41047-505,90,180,280,-0.3214,true
OR,41047-343,488,379,906,0.1203,true
OR,41047-593,15,27,42,-0.2857,true
OR,41047-925,42,114,159,-0.4528,true
OR,41047-406,378,465,875,-0.0994,true
OR,41047-324,55,28,84,0.3214,true
OR,41047-545,444,412,895,0.0358,true
OR,41047-401,1047,1214,2335,-0.0715,true
OR,41047-915,60,169,236,-0.4619,true
OR,41047-320,232,186,448,0.1027,true
OR,41047-592,34,88,123,-0.439,true
OR,41047-692,12,36,50,-0.48,true
OR,41047-689,2,10,12,-0.6667,true
OR,41047-515,220,346,581,-0.2169,true
OR,41047-845,1179,986,2225,0.0867,true
OR,41047-341,754,547,1345,0.1539,true
OR,41047-865,509,434,984,0.0762,true
OR,41047-331,1593,1235,2934,0.122,true
OR,41047-314,1900,840,2862,0.3704,true
OR,41047-525,334,372,720,-0.0528,true
OR,41047-594,86,126,216,-0.1852,true
OR,41047-673,943,974,1979,-0.0157,true
OR,41047-354,383,279,690,0.1507,true
OR,41047-362,1086,721,1876,0.1946,true
OR,41047-905,35,116,157,-0.5159,true
OR,41047-645,645,1322,2016,-0.3358,true
OR,41047-535,542,787,1379,-0.1777,true
OR,41047-405,2206,2308,4704,-0.0217,true
OR,41047-678,93,151,255,-0.2275,true
OR,41047-323,2214,836,3170,0.4347,true
OR,41047-404,1407,1615,3138,-0.0663,true
OR,41047-589,14,18,32,-0.125,true
OR,41047-372,2052,1569,3771,0.1281,true
OR,41047-792,14,21,38,-0.1842,true
OR,41047-351,500,432,945,0.072,true
OR,41047-403,1614,1921,3665,-0.0838,true
OR,41047-310,2217,1051,3421,0.3408,true
OR,41047-725,546,1013,1627,-0.287,true
OR,41047-855,1278,1019,2390,0.1084,true
OR,41047-691,1810,1882,3815,-0.0189,true
OR,41047-697,1672,1648,3446,0.007,true
OR,41047-825,572,402,1015,0.1675,true
OR,41047-835,704,545,1295,0.1228,true
OR,41047-579,51,98,156,-0.3013,true
OR,41047-321,907,445,1423,0.3247,true
OR,41047-555,637,1004,1708,-0.2149,true
OR,41047-715,568,1330,1953,-0.3902,true
OR,41047-935,10,31,45,-0.4667,true
OR,41047-705,511,1077,1649,-0.3432,true
OR,41047-361,1032,771,1868,0.1397,true
OR,41047-686,41,96,147,-0.3741,true
OR,41047-584,6,10,17,-0.2353,true
OR,41047-340,2139,1834,4107,0.0743,true
OR,41047-350,1478,1297,2887,0.0627,true
OR,41047-332,3113,1991,5291,0.2121,true
OR,41047-402,1870,2070,4064,-0.0492,true
OR,41047-342,3064,2542,5819,0.0897,true
OR,41047-815,606,561,1207,0.0373,true
OR,41047-371,2424,1630,4258,0.1865,true
OR,41047-363,1551,1359,3001,0.064,true
OR,41047-781,243,267,531,-0.0452,true
OR,41047-587,12,59,72,-0.6528,true
OR,41047-783,192,310,527,-0.2239,true
OR,41047-690,1479,1355,2940,0.0422,true
OR,41047-625,1107,1150,2361,-0.0182,true
OR,41047-677,107,163,286,-0.1958,true
OR,41047-586,86,230,321,-0.4486,true
OR,41047-782,53,34,90,0.2111,true
OR,41047-784,81,93,186,-0.0645,true
OR,41047-333,497,585,1114,-0.079,true
OR,41047-655,1316,2609,4080,-0.3169,true
OR,41047-352,1033,990,2095,0.0205,true
OR,41047-688,173,333,525,-0.3048,true
OR,41047-635,1812,1539,3490,0.0782,true
OR,41047-322,1104,860,2032,0.1201,true
OR,41047-790,55,220,285,-0.5789,true
OR,41047-779,521,685,1252,-0.131,true
OR,41047-370,2799,1396,4339,0.3233,true
OR,41047-682,998,1676,2744,-0.2471,true
OR,41047-591,162,333,513,-0.3333,true
OR,41047-679,262,803,1102,-0.4909,true
OR,41047-577,150,305,470,-0.3298,true
OR,41047-680,77,176,264,-0.375,true
OR,41047-786,38,176,220,-0.6273,true
OR,41047-787,489,1016,1564,-0.337,true
OR,41047-780,556,550,1148,0.0052,true
OR,41047-791,265,657,954,-0.4109,true
OR,41047-676,171,219,408,-0.1176,true
OR,41047-590,171,573,769,-0.5228,true
OR,41047-698,288,547,861,-0.3008,true
OR,41047-788,459,971,1460,-0.3507,true
OR,41047-789,825,1677,2585,-0.3296,true
OR,41047-581,724,1382,2180,-0.3018,true
OR,41047-684,114,271,397,-0.3955,true
OR,41047-583,265,757,1053,-0.4672,true
OR,41047-580,228,549,820,-0.3915,true
OR,41047-674,253,786,1070,-0.4981,true
OR,41047-683,275,803,1122,-0.4706,true
OR,41047-582,304,666,995,-0.3638,true
OR,41047-681,588,1097,1750,-0.2909,true
OR,41047-981,89,177,277,-0.3177,true
OR,41049-Heppner/Hardman,233,870,1133,-0.5622,true
OR,41049-Boardman,462,793,1327,-0.2494,true
OR,41049-Irrigon,326,1152,1532,-0.5392,true
OR,41049-Ione,73,279,364,-0.5659,true
OR,41049-Lexington,44,314,376,-0.7181,true
OR,41051-4407,18,10,29,0.2759,true
OR,41051-4101,2494,225,2802,0.8098,true
OR,41051-4102,2524,249,2896,0.7856,true
OR,41051-4402,4714,637,5616,0.726,true
OR,41051-4401,3581,444,4246,0.7388,true
OR,41051-4103,3052,303,3477,0.7906,true
OR,41051-4105,5715,450,6387,0.8243,true
OR,41051-4207,2934,190,3258,0.8422,true
OR,41051-4208,2778,198,3080,0.8377,true
OR,41051-4203,5947,431,6723,0.8205,true
OR,41051-4205,5908,303,6640,0.8441,true
OR,41051-4201,4500,254,5052,0.8405,true
OR,41051-4303,6205,264,6842,0.8683,true
OR,41051-4104,4361,471,5048,0.7706,true
OR,41051-4202,6888,318,7555,0.8696,true
OR,41051-4204,5956,332,6599,0.8523,true
OR,41051-4307,6156,454,6918,0.8242,true
OR,41051-4305,6262,313,6855,0.8678,true
OR,41051-4306,6063,342,6640,0.8616,true
OR,41051-4302,4745,240,5251,0.8579,true
OR,41051-4301,3399,176,3775,0.8538,true
OR,41051-4304,5807,275,6379,0.8672,true
OR,41051-4406,4404,939,5580,0.621,true
OR,41051-4404,5681,460,6408,0.8148,true
OR,41051-4403,5747,670,6726,0.7548,true
OR,41051-4405,6556,423,7390,0.8299,true
OR,41051-4206,4426,298,5031,0.8205,true
OR,41051-3802,1397,365,1819,0.5673,true
OR,41051-3806,112,10,123,0.8293,true
OR,41051-3803,6325,863,7473,0.7309,true
OR,41051-3801,788,212,1049,0.5491,true
OR,41051-3804,2431,456,3018,0.6544,true
OR,41051-3805,5212,686,6072,0.7454,true
OR,41051-5202,1908,2246,4288,-0.0788,true
OR,41051-4901,41,28,78,0.1667,true
OR,41051-4701,28,32,60,-0.0667,true
OR,41051-4704,1814,1164,3121,0.2083,true
OR,41051-4703,2822,1312,4250,0.3553,true
OR,41051-4709,596,269,908,0.3601,true
OR,41051-4707,3405,1090,4718,0.4907,true
OR,41051-4708,3081,1432,4712,0.35,true
OR,41051-4710,765,307,1125,0.4071,true
OR,41051-4706,1846,716,2672,0.4229,true
OR,41051-4705,2072,812,2998,0.4203,true
OR,41051-4702,1355,425,1855,0.5013,true
OR,41051-4808,912,760,1731,0.0878,true
OR,41051-4903,2433,1625,4205,0.1922,true
OR,41051-4908,2943,2071,5219,0.1671,true
OR,41051-4905,2983,2720,5913,0.0445,true
OR,41051-4906,1115,943,2153,0.0799,true
OR,41051-4904,723,536,1296,0.1443,true
OR,41051-5006,2753,2115,5052,0.1263,true
OR,41051-5004,1690,1433,3237,0.0794,true
OR,41051-5201,981,1133,2195,-0.0692,true
OR,41051-4807,128,155,291,-0.0928,true
OR,41051-4907,1976,1387,3507,0.1679,true
OR,41051-5009,72,118,197,-0.2335,true
OR,41051-5002,2549,1745,4461,0.1802,true
OR,41051-4902,150,101,264,0.1856,true
OR,41051-4909,2264,1221,3602,0.2896,true
OR,41051-5008,2503,2513,5196,-0.0019,true
OR,41051-5007,2896,2367,5480,0.0965,true
OR,41051-5005,3012,1986,5210,0.1969,true
OR,41051-4806,2935,1807,4941,0.2283,true
OR,41051-4804,2685,1643,4520,0.2305,true
OR,41051-4805,117,93,217,0.1106,true
OR,41051-4809,1,7,10,-0.6,true
OR,41051-4802,2807,1297,4296,0.3515,true
OR,41051-4910,144,86,240,0.2417,true
OR,41051-5003,196,130,350,0.1886,true
OR,41051-5001,45,45,94,0,true
OR,41051-4801,381,166,573,0.3752,true
OR,41051-4803,1495,970,2553,0.2056,true
OR,41051-4605,3353,986,4570,0.5179,true
OR,41051-4608,24,14,41,0.2439,true
OR,41051-4508,3840,1367,5439,0.4547,true
OR,41051-3101,1208,570,1851,0.3447,true
OR,41051-3301,835,217,1096,0.5639,true
OR,41051-3402,113,21,143,0.6434,true
OR,41051-3304,6291,802,7338,0.748,true
OR,41051-4509,570,224,832,0.4159,true
OR,41051-4504,418,84,525,0.6362,true
OR,41051-4604,4747,973,5998,0.6292,true
OR,41051-4607,2386,731,3293,0.5026,true
OR,41051-4606,3282,1041,4524,0.4954,true
OR,41051-4503,5763,970,7047,0.6801,true
OR,41051-4506,6085,767,7183,0.7404,true
OR,41051-4507,214,67,289,0.5087,true
OR,41051-4505,1902,211,2232,0.7576,true
OR,41051-4602,4877,583,5727,0.7498,true
OR,41051-4603,3305,490,4025,0.6994,true
OR,41051-4501,7514,578,8373,0.8284,true
OR,41051-4502,6705,624,7633,0.7967,true
OR,41051-4601,5512,568,6302,0.7845,true
OR,41051-3302,6061,521,6899,0.803,true
OR,41051-3305,25,7,32,0.5625,true
OR,41051-2802,839,151,1040,0.6615,true
OR,41051-2804,5378,687,6292,0.7455,true
OR,41051-2805,6549,898,7715,0.7325,true
OR,41051-2803,2112,180,2405,0.8033,true
OR,41051-2801,6032,592,6898,0.7886,true
OR,41051-3308,2638,300,3115,0.7506,true
OR,41051-3303,5414,578,6287,0.7692,true
OR,41051-3306,4704,497,5407,0.7781,true
OR,41051-2806,6749,747,7757,0.7738,true
OR,41051-3307,4217,360,4737,0.8142,true
OR,41051-3401,557,86,660,0.7136,true
OR,41053-102,446,861,1347,-0.3081,true
OR,41053-106,328,729,1086,-0.3692,true
OR,41053-110,249,437,713,-0.2637,true
OR,41053-118,1245,1706,3068,-0.1503,true
OR,41053-122,543,615,1185,-0.0608,true
OR,41053-134,2577,2176,4931,0.0813,true
OR,41053-136,1968,1552,3649,0.114,true
OR,41053-140,1885,1337,3368,0.1627,true
OR,41053-146,2259,1577,3977,0.1715,true
OR,41053-152,1357,2829,4317,-0.341,true
OR,41053-154,1805,2654,4617,-0.1839,true
OR,41053-156,1056,1441,2619,-0.147,true
OR,41053-162,1089,1708,2897,-0.2137,true
OR,41053-166,281,434,756,-0.2024,true
OR,41053-178,2512,1825,4569,0.1504,true
OR,41053-182,2434,1887,4494,0.1217,true
OR,41055-1,36,156,200,-0.6,true
OR,41055-2,71,298,382,-0.5942,true
OR,41055-3,89,232,337,-0.4243,true
OR,41055-4,32,148,181,-0.6409,true
OR,41055-5,5,56,63,-0.8095,true
OR,41057-TILLAMOOK #2,163,167,338,-0.0118,true
OR,41057-CLOVERDALE,123,197,322,-0.2298,true
OR,41057-TILLAMOOK #3,138,161,320,-0.0719,true
OR,41057-TILLAMOOK #1,184,225,432,-0.0949,true
OR,41057-NETARTS,447,335,814,0.1376,true
OR,41057-OCEANSIDE,198,87,302,0.3675,true
OR,41057-UNION,576,448,1064,0.1203,true
OR,41057-SOUTH PRAIRIE EAST,77,332,416,-0.613,true
OR,41057-KILCHIS,166,315,499,-0.2986,true
OR,41057-ROCKAWAY,670,495,1212,0.1444,true
OR,41057-MAPLELEAF,138,319,463,-0.3909,true
OR,41057-BAY,489,489,1019,0,true
OR,41057-GARIBALDI,364,369,759,-0.0066,true
OR,41057-WHEELER,284,119,414,0.3986,true
OR,41057-TILLAMOOK #4,145,190,341,-0.132,true
OR,41057-TRASK,70,140,218,-0.3211,true
OR,41057-SOUTH PRAIRIE WEST,115,322,446,-0.4641,true
OR,41057-EASTSIDE,62,93,159,-0.195,true
OR,41057-TILLAMOOK #5,133,176,324,-0.1327,true
OR,41057-TILLAMOOK #6,115,176,301,-0.2027,true
OR,41057-WESTSIDE,146,121,277,0.0903,true
OR,41057-PINE GROVE,1174,371,1592,0.5044,true
OR,41057-BEAVER,209,453,678,-0.3599,true
OR,41057-CARNAHAN,104,264,378,-0.4233,true
OR,41057-FOLEY,227,240,486,-0.0267,true
OR,41057-FAIRVIEW,428,749,1198,-0.2679,true
OR,41057-HEBO,131,231,373,-0.2681,true
OR,41057-NESKOWIN,370,227,626,0.2284,true
OR,41057-NEHALEM,301,160,481,0.2931,true
OR,41059-126,418,735,1190,-0.2664,true
OR,41059-103,267,964,1259,-0.5536,true
OR,41059-114,57,307,366,-0.6831,true
OR,41059-129,428,699,1169,-0.2318,true
OR,41059-105,297,894,1230,-0.4854,true
OR,41059-128,543,944,1531,-0.2619,true
OR,41059-101,82,415,511,-0.6517,true
OR,41059-113,109,574,702,-0.6624,true
OR,41059-102,497,995,1553,-0.3207,true
OR,41059-110,212,721,951,-0.5352,true
OR,41059-141,429,925,1412,-0.3513,true
OR,41059-133,213,362,593,-0.2513,true
OR,41059-143,371,710,1108,-0.306,true
OR,41059-137,425,648,1114,-0.2002,true
OR,41059-138,441,564,1049,-0.1173,true
OR,41059-139,480,463,976,0.0174,true
OR,41059-136,253,605,905,-0.389,true
OR,41059-106R,59,262,332,-0.6114,true
OR,41059-125R,62,237,307,-0.57,true
OR,41059-123,146,465,627,-0.5088,true
OR,41059-116,49,77,132,-0.2121,true
OR,41059-119,34,96,132,-0.4697,true
OR,41059-121,102,314,426,-0.4977,true
OR,41059-112,15,89,108,-0.6852,true
OR,41059-124R,27,142,175,-0.6571,true
OR,41059-120,221,780,1030,-0.5427,true
OR,41059-117R,10,23,34,-0.3824,true
OR,41059-111,662,794,1502,-0.0879,true
OR,41059-125C,75,245,331,-0.5136,true
OR,41059-106C,211,585,824,-0.4539,true
OR,41059-104,271,1167,1477,-0.6066,true
OR,41059-130,478,991,1536,-0.334,true
OR,41059-124C,156,488,667,-0.4978,true
OR,41059-109C,36,151,196,-0.5867,true
OR,41059-108C,26,85,117,-0.5043,true
OR,41059-107C,69,206,281,-0.4875,true
OR,41059-117C,19,75,97,-0.5773,true
OR,41059-127,173,379,575,-0.3583,true
OR,41059-132,319,509,847,-0.2243,true
OR,41059-115,50,193,249,-0.5743,true
OR,41059-108R,42,118,165,-0.4606,true
OR,41059-107R,29,191,227,-0.7137,true
OR,41059-142,195,444,664,-0.375,true
OR,41059-109R,12,42,57,-0.5263,true
OR,41059-131,181,300,491,-0.2424,true
OR,41061-1,1056,1064,2202,-0.0036,true
OR,41061-2,691,1201,1975,-0.2582,true
OR,41061-3,596,1333,2005,-0.3676,true
OR,41061-4,112,280,413,-0.4068,true
OR,41061-5,287,897,1219,-0.5004,true
OR,41061-6,93,339,444,-0.5541,true
OR,41061-7,182,472,677,-0.4284,true
OR,41061-8,129,766,930,-0.6849,true
OR,41061-9,100,588,699,-0.6981,true
OR,41061-10,39,148,193,-0.5648,true
OR,41061-11,152,536,725,-0.5297,true
OR,41061-12,8,61,71,-0.7465,true
OR,41061-13,13,90,106,-0.7264,true
OR,41061-14,43,204,262,-0.6145,true
OR,41061-15,58,217,282,-0.5638,true
OR,41061-16,312,931,1279,-0.484,true
OR,41061-17,7,48,60,-0.6833,true
OR,41061-18,180,514,718,-0.4652,true
OR,41061-19,49,253,314,-0.6497,true
OR,41063-12,5,17,22,-0.5455,true
OR,41063-10,32,98,133,-0.4962,true
OR,41063-3,93,246,354,-0.4322,true
OR,41063-2,185,329,532,-0.2707,true
OR,41063-6,295,564,881,-0.3053,true
OR,41063-5,277,425,726,-0.2039,true
OR,41063-1,234,489,753,-0.3386,true
OR,41063-4,113,244,370,-0.3541,true
OR,41063-9,129,285,422,-0.3697,true
OR,41063-7,95,312,423,-0.513,true
OR,41063-11,21,46,69,-0.3623,true
OR,41063-8,94,311,423,-0.513,true
OR,41065-02,1172,934,2196,0.1084,true
OR,41065-03,899,837,1829,0.0339,true
OR,41065-04,728,824,1597,-0.0601,true
OR,41065-05,916,646,1631,0.1655,true
OR,41065-07,201,314,532,-0.2124,true
OR,41065-08,236,613,874,-0.4314,true
OR,41065-09,248,548,817,-0.3672,true
OR,41065-10,344,332,694,0.0173,true
OR,41065-11,43,119,172,-0.4419,true
OR,41065-12,64,127,194,-0.3247,true
OR,41065-01,842,901,1813,-0.0325,true
OR,41065-06,376,642,1042,-0.2553,true
OR,41067-326,661,1147,1882,-0.2582,true
OR,41067-384,3478,830,4472,0.5921,true
OR,41067-391,327,69,402,0.6418,true
OR,41067-436,1302,824,2211,0.2162,true
OR,41067-379,2705,975,3815,0.4535,true
OR,41067-393,503,97,622,0.6527,true
OR,41067-363,2097,698,2910,0.4808,true
OR,41067-362,4471,1537,6283,0.467,true
OR,41067-335,2504,1516,4224,0.2339,true
OR,41067-437,40,17,61,0.377,true
OR,41067-349,408,150,574,0.4495,true
OR,41067-345,14,13,27,0.037,true
OR,41067-418,1990,868,3008,0.373,true
OR,41067-414,331,177,524,0.2939,true
OR,41067-328,398,487,923,-0.0964,true
OR,41067-357,531,256,807,0.3408,true
OR,41067-311,291,359,681,-0.0999,true
OR,41067-446,66,36,106,0.283,true
OR,41067-317,77,83,167,-0.0359,true
OR,41067-359,1663,551,2312,0.481,true
OR,41067-361,1558,412,2046,0.5601,true
OR,41067-331,1678,608,2383,0.449,true
OR,41067-351,2062,953,3158,0.3512,true
OR,41067-400,2400,954,3485,0.4149,true
OR,41067-376,1199,492,1764,0.4008,true
OR,41067-348,16,8,26,0.3077,true
OR,41067-364,3215,997,4432,0.5005,true
OR,41067-412,1102,556,1740,0.3138,true
OR,41067-330,1071,976,2137,0.0445,true
OR,41067-304,627,411,1064,0.203,true
OR,41067-399,1526,605,2205,0.4177,true
OR,41067-389,5246,2026,7604,0.4235,true
OR,41067-424,2566,1845,4600,0.1567,true
OR,41067-365,3510,915,4592,0.5651,true
OR,41067-411,866,359,1304,0.3888,true
OR,41067-383,1178,318,1560,0.5513,true
OR,41067-303,116,209,329,-0.2827,true
OR,41067-382,2394,1313,3872,0.2792,true
OR,41067-342,28,33,63,-0.0794,true
OR,41067-388,181,61,248,0.4839,true
OR,41067-409,3006,1300,4479,0.3809,true
OR,41067-440,928,455,1449,0.3264,true
OR,41067-408,235,66,315,0.5365,true
OR,41067-366,1268,287,1629,0.6022,true
OR,41067-428,859,437,1351,0.3124,true
OR,41067-448,478,253,763,0.2949,true
OR,41067-425,293,364,674,-0.1053,true
OR,41067-435,2393,1519,4098,0.2133,true
OR,41067-431,331,400,764,-0.0903,true
OR,41067-422,3,14,17,-0.6471,true
OR,41067-373,177,132,326,0.138,true
OR,41067-368,2639,980,3783,0.4385,true
OR,41067-380,2083,815,3002,0.4224,true
OR,41067-456,7,0,7,1,true
OR,41067-310,278,307,611,-0.0475,true
OR,41067-444,51,65,119,-0.1176,true
OR,41067-415,544,265,843,0.331,true
OR,41067-327,3427,1624,5283,0.3413,true
OR,41067-438,186,292,491,-0.2159,true
OR,41067-360,1979,720,2824,0.4458,true
OR,41067-375,206,52,272,0.5662,true
OR,41067-355,992,309,1357,0.5033,true
OR,41067-397,1773,1023,2920,0.2568,true
OR,41067-340,3797,2835,6891,0.1396,true
OR,41067-445,0,1,1,-1,true
OR,41067-356,1045,530,1652,0.3117,true
OR,41067-453,5,6,11,-0.0909,true
OR,41067-406,1575,351,2022,0.6053,true
OR,41067-439,1667,592,2363,0.4549,true
OR,41067-417,252,135,405,0.2889,true
OR,41067-307,2577,1710,4474,0.1938,true
OR,41067-305,380,527,946,-0.1554,true
OR,41067-407,637,191,858,0.5198,true
OR,41067-386,1495,366,1928,0.5856,true
OR,41067-419,1194,534,1776,0.3716,true
OR,41067-369,1074,496,1639,0.3527,true
OR,41067-372,1275,356,1689,0.5441,true
OR,41067-354,1286,464,1798,0.4572,true
OR,41067-313,2,1,3,0.3333,true
OR,41067-392,86,19,109,0.6147,true
OR,41067-404,3926,1688,5864,0.3817,true
OR,41067-301,679,974,1707,-0.1728,true
OR,41067-320,1121,549,1760,0.325,true
OR,41067-333,2646,816,3610,0.5069,true
OR,41067-371,1461,475,2022,0.4876,true
OR,41067-421,322,132,490,0.3878,true
OR,41067-427,816,402,1283,0.3227,true
OR,41067-443,0,11,11,-1,true
OR,41067-324,208,295,517,-0.1683,true
OR,41067-395,3714,1433,5371,0.4247,true
OR,41067-430,1039,1143,2287,-0.0455,true
OR,41067-378,743,176,940,0.6032,true
OR,41067-452,45,45,97,0,true
OR,41067-441,52,12,70,0.5714,true
OR,41067-381,333,120,467,0.4561,true
OR,41067-385,562,158,762,0.5302,true
OR,41067-347,25,30,55,-0.0909,true
OR,41067-358,1756,672,2514,0.4312,true
OR,41067-387,12,9,21,0.1429,true
OR,41067-367,3030,1024,4251,0.4719,true
OR,41067-329,5222,2087,7649,0.4099,true
OR,41067-321,111,190,321,-0.2461,true
OR,41067-398,1032,618,1754,0.236,true
OR,41067-405,5037,2175,7490,0.3821,true
OR,41067-377,1558,595,2254,0.4272,true
OR,41067-315,232,228,486,0.0082,true
OR,41067-336,1714,1066,2929,0.2212,true
OR,41067-447,115,150,278,-0.1259,true
OR,41067-306,433,115,574,0.554,true
OR,41067-432,194,97,305,0.318,true
OR,41067-346,125,141,273,-0.0586,true
OR,41067-455,1074,346,1474,0.4939,true
OR,41067-403,904,395,1367,0.3723,true
OR,41067-337,647,375,1074,0.2533,true
OR,41067-341,131,163,304,-0.1053,true
OR,41067-338,2854,2104,5146,0.1457,true
OR,41067-434,2835,1372,4376,0.3343,true
OR,41067-350,4548,1520,6339,0.4777,true
OR,41067-339,2654,1963,4796,0.1441,true
OR,41067-426,191,224,431,-0.0766,true
OR,41067-334,53,80,137,-0.1971,true
OR,41067-423,1985,906,3019,0.3574,true
OR,41067-454,2,17,19,-0.7895,true
OR,41067-302,1484,943,2536,0.2133,true
OR,41067-420,1998,1058,3193,0.2944,true
OR,41067-318,2324,1250,3735,0.2876,true
OR,41067-396,558,228,823,0.401,true
OR,41067-449,133,147,291,-0.0481,true
OR,41067-322,122,134,267,-0.0449,true
OR,41067-332,1846,576,2533,0.5014,true
OR,41067-312,670,959,1694,-0.1706,true
OR,41067-343,1531,938,2590,0.229,true
OR,41067-325,114,36,155,0.5032,true
OR,41067-370,1392,613,2078,0.3749,true
OR,41067-413,949,427,1443,0.3617,true
OR,41067-319,3335,1627,5171,0.3303,true
OR,41067-429,1689,870,2681,0.3055,true
OR,41067-442,1513,1042,2679,0.1758,true
OR,41067-314,105,190,305,-0.2787,true
OR,41067-352,869,208,1132,0.5839,true
OR,41067-450,47,117,169,-0.4142,true
OR,41067-390,1432,584,2079,0.4079,true
OR,41067-309,2639,1440,4273,0.2806,true
OR,41067-316,704,933,1706,-0.1342,true
OR,41067-401,1449,345,1849,0.5971,true
OR,41067-394,164,67,249,0.3896,true
OR,41067-416,564,239,840,0.3869,true
OR,41067-353,1705,424,2209,0.5799,true
OR,41067-374,5,4,9,0.1111,true
OR,41067-344,1767,877,2785,0.3196,true
OR,41067-402,3973,2125,6356,0.2907,true
OR,41067-451,717,303,1055,0.3924,true
OR,41067-308,73,67,145,0.0414,true
OR,41067-410,810,433,1312,0.2873,true
OR,41067-433,1312,761,2148,0.2565,true
OR,41069-3,52,150,207,-0.4734,true
OR,41069-1,103,256,380,-0.4026,true
OR,41069-4,55,212,281,-0.5587,true
OR,41071-11,0,17,17,-1,true
OR,41071-15,1163,1047,2297,0.0505,true
OR,41071-16,1096,973,2139,0.0575,true
OR,41071-14,1234,1168,2504,0.0264,true
OR,41071-4,1716,1632,3524,0.0238,true
OR,41071-17,1519,1187,2801,0.1185,true
OR,41071-18,2465,1785,4398,0.1546,true
OR,41071-3,2384,2499,5092,-0.0226,true
OR,41071-26,746,1362,2199,-0.2801,true
OR,41071-1,391,453,866,-0.0716,true
OR,41071-2,2028,2003,4242,0.0059,true
OR,41071-19,1731,1187,3030,0.1795,true
OR,41071-5,541,594,1197,-0.0443,true
OR,41071-12,489,862,1402,-0.266,true
OR,41071-7,1652,2026,3806,-0.0983,true
OR,41071-9,826,934,1836,-0.0588,true
OR,41071-22,1186,1700,3008,-0.1709,true
OR,41071-21,847,1220,2139,-0.1744,true
OR,41071-24,536,1088,1701,-0.3245,true
OR,41071-10,1051,1420,2579,-0.1431,true
OR,41071-23,871,1163,2098,-0.1392,true
OR,41071-28,501,1140,1716,-0.3724,true
OR,41071-13,1038,2076,3209,-0.3235,true